"provider","proper_name"
"Alec Cobalt","ALEX COBALTH"
"Alex cobalt","ALEX COBALTH"
"Alex Cobalth","ALEX COBALTH"
"Alex Cobalth Bender","ALEX COBALTH"
"Alex Colbath Bender","ALEX COBALTH"
"BENDER, ALEX COLBATH [1746122]","ALEX COBALTH"
"Alica Lam","ALICE D LAM"
"Alice D Lam","ALICE D LAM"
"Alice Lam","ALICE D LAM"
"Allice Lam","ALICE D LAM"
"LAM, ALICE D [1012626]","ALICE D LAM"
"Andre J Cole","ANDREW J COLE"
"Andrew Cole","ANDREW J COLE"
"Andrew J Cole","ANDREW J COLE"
"Andrew J Cole, MD","ANDREW J COLE"
"AYUB NEYSHAY","AYUB NEYSHAY"
"BASOVIC, LARA [1884079]","BASOVIC, LARA"
"Lara Basovic","BASOVIC, LARA"
"Lara Bosovic","BASOVIC, LARA"
"Benjamin B Lee","BENJAMIN B LEE"
"Benjamin B Lee, MD, PhD","BENJAMIN B LEE"
"Benjamin Lee","BENJAMIN B LEE"
"LEE, BENJAMIN B [1849053]","BENJAMIN B LEE"
"Chistopher McGraw","CHRISTOPHER MCGRAW"
"Chris McGraw","CHRISTOPHER MCGRAW"
"Christopher M McGraw","CHRISTOPHER MCGRAW"
"Christopher M McGraw, MD, PhD","CHRISTOPHER MCGRAW"
"Christopher McGraw","CHRISTOPHER MCGRAW"
"Mc Graw","CHRISTOPHER MCGRAW"
"Mcgraw","CHRISTOPHER MCGRAW"
"MCGRAW CHRISTO","CHRISTOPHER MCGRAW"
"MCGRAW CHRISTOPHER","CHRISTOPHER MCGRAW"
"MCGRAW, CHRISTOPHER M [1749751]","CHRISTOPHER MCGRAW"
"mMc Graw","CHRISTOPHER MCGRAW"
"CIORDIA, ROBERTO [1888022]","CIORDIA, ROBERTO"
"Rberto Ciordia","CIORDIA, ROBERTO"
"Roberto Ciordia","CIORDIA, ROBERTO"
"Claire Jacobs","CLAIRE S JACOBS"
"Claire S Jacobs","CLAIRE S JACOBS"
"Dr. Claire Jacobs","CLAIRE S JACOBS"
"JACOBS CLAIRE","CLAIRE S JACOBS"
"JACOBS CLAIRE S. M.D. PH.D.","CLAIRE S JACOBS"
"JACOBS, CLAIRE S [1101017]","CLAIRE S JACOBS"
"COLE, ANDREW J [1000366]","COLE, ANDREW J"
"DALY NORA","DALY NORA"
"DASHKOFF JONAT","DASHKOFF JONAT"
"Douglas Maus","DOUGLAS MAUS"
"Douglas Maus, MD, PhD","DOUGLAS MAUS"
"MAUS, DOUGLAS [1552783]","DOUGLAS MAUS"
"DWORETZKY BARB","DWORETZKY BARB"
"HARID NITISH","HARID NITISH"
"Herbert Yih-Fuu Lin, MD, PhD","HERBERT YIH-FUU LIN, MD, PHD"
"Daniel B Hoch, MD","HOCH DANIEL B"
"Daniel Hoch","HOCH DANIEL B"
"Hoch Daniel","HOCH DANIEL B"
"HOCH DANIEL B","HOCH DANIEL B"
"HOCH, DANIEL B [1000480]","HOCH DANIEL B"
"HOSFORD MACKEN","HOSFORD MACKENZIE"
"HOSFORD MACKENZIE","HOSFORD MACKENZIE"
"HOSFORD, MACKENZIE [1817499]","HOSFORD MACKENZIE"
"Mackenzie Hosford","HOSFORD MACKENZIE"
"HWANG, MU JI [1756190]","HWANG, MU JI"
"LEMLEY REGAN","LEMLEY REGAN"
"Lidia Moura","LIDIA MOURA"
"MOURA LIDIA","LIDIA MOURA"
"MOURA, LIDIA MARIA VERAS ROCHA DE [1015370]","LIDIA MOURA"
"LOONIS, ROMAN FLORIAN [1787468]","LOONIS, ROMAN FLORIAN"
"MATHEW SUBIN","MATHEW SUBIN"
"Michael Brandon Westover, MD, PhD","MICHAEL BRANDON WESTOVER"
"Michael Westover","MICHAEL BRANDON WESTOVER"
"WESTOVER BRAND","MICHAEL BRANDON WESTOVER"
"WESTOVER M. B","MICHAEL BRANDON WESTOVER"
"MISRA AMRIT","MISRA AMRIT"
"MISRA AMRIT M.D.","MISRA AMRIT"
"NASCIMENTO E SILVA FABIO","NASCIMENTO E SILVA FABIO"
"NASCIMENTO FAB","NASCIMENTO E SILVA FABIO"
"Paula Emanuela Voinescu","PAULA EMANUELA VOINESCU"
"VOINESCU PAULA","PAULA EMANUELA VOINESCU"
"HADAR, PETER NOGUEIRA [1879552]","PETER NOGUEIRA HADAR"
"Peter Hadar","PETER NOGUEIRA HADAR"
"Peter Nogueira","PETER NOGUEIRA HADAR"
"Peter Nogueira Hadar","PETER NOGUEIRA HADAR"
"Peter Nogueira Hadar, MD","PETER NOGUEIRA HADAR"
"Peter Noguera","PETER NOGUEIRA HADAR"
"PLUMMER, GEORGE SCOTT [2033387]","PLUMMER, GEORGE SCOTT"
"PRASANNA MRINA","PRASANNA MRINA"
"Priya Srikanth","PRIYA SRIKANTH"
"SAGI AVINASH","SAGI AVINASH"
"Dr Sahar Zafar","SAHAR F ZAFAR"
"Sahar F Zafar","SAHAR F ZAFAR"
"Sahar F Zafar, MD, MBBS","SAHAR F ZAFAR"
"Sahar Zafar","SAHAR F ZAFAR"
"ZAFAR SAHAR","SAHAR F ZAFAR"
"ZAFAR, SAHAR F [1101552]","SAHAR F ZAFAR"
"SALNIKOVA, YEKATERINA ALEXANDROVNA [2033388]","SALNIKOVA, YEKATERINA ALEXANDROVNA"
"SARKIS RANI","SARKIS RANI"
"Irfan Sheikh and Sahar Zafar","SHEIKH, IRFAN S"
"Irfan S Sheikh","SHEIKH, IRFAN S"
"Irfan S Sheikh, MD","SHEIKH, IRFAN S"
"Irfan Sheik","SHEIKH, IRFAN S"
"Irfan Sheikh","SHEIKH, IRFAN S"
"SHEIKH, IRFAN S [1844906]","SHEIKH, IRFAN S"
"CASH SYDNEY","SYDNEY S CASH, MD, PHD"
"CASH SYDNEY S","SYDNEY S CASH, MD, PHD"
"CASH, SYDNEY S [1003914]","SYDNEY S CASH, MD, PHD"
"Sydney Cahs","SYDNEY S CASH, MD, PHD"
"Sydney Cash","SYDNEY S CASH, MD, PHD"
"Sydney S Cash, MD, PhD","SYDNEY S CASH, MD, PHD"
"Trescher, William","TRESCHER, WILLIAM"
"Hoch DANIEL","HOCH DANIEL B"
"Hosford Mackenzie","HOSFORD MACKENZIE"
"chris mcgraw","CHRISTOPHER MCGRAW"
"lidia moura","LIDIA MOURA"
"  Sydney S Cash, MD, PhD","SYDNEY S CASH, MD, PHD"
"claire jacobs","CLAIRE S JACOBS"
"Roberto Ciordia ","CIORDIA, ROBERTO"
"Daniel hoch","HOCH DANIEL B"
"Irfan sheikh","SHEIKH, IRFAN S"
"Christopher Mcgraw","CHRISTOPHER MCGRAW"
